[
  {
    "Id": "1451766",
    "ThreadId": "647253",
    "Html": "problem authenticating.. anonymous is not work\r<br />\n<br />\ni try login internet explorer (default) too not working\r<br />\n<br />\nthanks!<br />\n",
    "PostedDate": "2015-11-11T05:17:41.71-08:00",
    "UserRole": null,
    "MarkedAsAnswerDate": null
  },
  {
    "Id": "1451787",
    "ThreadId": "647253",
    "Html": "Sorry, authenticating with what?<br />\n",
    "PostedDate": "2015-11-11T05:43:35.837-08:00",
    "UserRole": null,
    "MarkedAsAnswerDate": null
  }
]