[
  {
    "Id": "1492296",
    "ThreadId": "661189",
    "Html": "not more  updates ?<br />\n",
    "PostedDate": "2017-02-07T00:10:32.613-08:00",
    "UserRole": null,
    "MarkedAsAnswerDate": null
  },
  {
    "Id": "1492390",
    "ThreadId": "661189",
    "Html": "Nope, this project is not dead.  I still use the app often, and make changes/improvements when needed.  I just haven't needed to change anything for a long time.  :)<br />\n",
    "PostedDate": "2017-02-08T10:12:44.683-08:00",
    "UserRole": null,
    "MarkedAsAnswerDate": null
  }
]