[
  {
    "Id": "282380",
    "ThreadId": "82193",
    "Html": "<p>Hi,</p>\r\n<p>I like the app already. Using it for WIX and SSIS. Another simple feature that would makes this app more useful would be a Find function (i.e. ability to search for text) as opposed to having to switch between apps to Find an element or text in the XML file.</p>\r\n<p>Keep up the good work!</p>\r\n<p>Thanks,<br>Andrew</p>",
    "PostedDate": "2010-01-27T08:12:24.64-08:00",
    "UserRole": null,
    "MarkedAsAnswerDate": null
  },
  {
    "Id": "539915",
    "ThreadId": "82193",
    "Html": "\r\n<p>&#43;1 for adding search (find).</p>\r\n",
    "PostedDate": "2010-12-23T07:12:03.78-08:00",
    "UserRole": null,
    "MarkedAsAnswerDate": null
  }
]