[
  {
    "Id": "539919",
    "ThreadId": "239406",
    "Html": "\r\n<p>Greetings :-)</p>\r\n<p>Thank you for creating this app. I really think the ability to copy a node's xpath is a really nice feature.</p>\r\n<p>One thing that I think would really improve the app however is the display of the XML. The current view is not much better than notepad in my opinion. For example when I open an XML that has nodes with many attributes they extend way over off the screen\r\n causing me to have to scroll back and forth.</p>\r\n<p>Honestly I think XML notepad has a great way to visualize the XML, it would be great if XML explorer added the ability to view the XML in a tree view type fashion like XML notepad has.</p>\r\n<p>&nbsp;</p>\r\n<p>Thanks!</p>\r\n<p>Keep up the good work!</p>\r\n",
    "PostedDate": "2010-12-23T07:24:58.503-08:00",
    "UserRole": null,
    "MarkedAsAnswerDate": null
  }
]