[
  {
    "Id": "228858",
    "ThreadId": "67346",
    "Html": "<p>Jason,</p>\r\n<p>This is a great free tool. I use it frequently, and it never fails to do the job. It's faster than just about every XML viewing utility I've tried, save a text editor (which isn't the same thing).</p>\r\n<p>Since you've added a Pay Pal donation link, the first donation is on me!</p>\r\n<p>Thanks</p>",
    "PostedDate": "2009-08-28T15:06:07.673-07:00",
    "UserRole": null,
    "MarkedAsAnswerDate": null
  }
]