[
  {
    "Id": "35497",
    "Title": "First Post :)",
    "LatestDate": "2010-01-26T18:41:26.253-08:00"
  },
  {
    "Id": "67346",
    "Title": "Pay Pal Donations",
    "LatestDate": "2009-08-28T15:06:07.673-07:00"
  },
  {
    "Id": "72943",
    "Title": "WPF Version w/Docking!",
    "LatestDate": "2009-10-24T09:19:57.403-07:00"
  },
  {
    "Id": "79281",
    "Title": "Truncating long lines",
    "LatestDate": "2009-12-29T07:33:31.937-08:00"
  },
  {
    "Id": "82193",
    "Title": "Find function",
    "LatestDate": "2010-12-23T07:12:03.78-08:00"
  },
  {
    "Id": "209327",
    "Title": "Add some UI or keyboard shortcuts to move from one XPath Selection to next/previous",
    "LatestDate": "2010-04-15T06:54:44.373-07:00"
  },
  {
    "Id": "222593",
    "Title": "XSD schema validation",
    "LatestDate": "2014-10-07T06:33:41.23-07:00"
  },
  {
    "Id": "229835",
    "Title": "Can I turn off automatic update check?",
    "LatestDate": "2010-10-06T12:40:38.39-07:00"
  },
  {
    "Id": "239406",
    "Title": "Improve XML Data Display",
    "LatestDate": "2010-12-23T07:24:58.503-08:00"
  },
  {
    "Id": "239407",
    "Title": "Node tooltip gets in the way",
    "LatestDate": "2011-05-19T14:18:42.307-07:00"
  },
  {
    "Id": "239408",
    "Title": "Add support for xpath for attributes",
    "LatestDate": "2010-12-23T07:31:15.043-08:00"
  },
  {
    "Id": "251869",
    "Title": "Support of extensions",
    "LatestDate": "2011-04-05T16:43:37.683-07:00"
  },
  {
    "Id": "252819",
    "Title": "Where is the expression library stored...",
    "LatestDate": "2011-04-06T11:38:38.923-07:00"
  },
  {
    "Id": "259330",
    "Title": "Expressions Shell Context Menu Idea",
    "LatestDate": "2011-05-27T15:52:28.223-07:00"
  },
  {
    "Id": "260631",
    "Title": "License violation",
    "LatestDate": "2011-06-08T18:33:03.917-07:00"
  },
  {
    "Id": "647253",
    "Title": "I need login and how to make?",
    "LatestDate": "2015-11-11T05:43:35.837-08:00"
  },
  {
    "Id": "659866",
    "Title": "Newbie",
    "LatestDate": "2016-12-01T14:26:39.54-08:00"
  },
  {
    "Id": "660185",
    "Title": "XPath functions",
    "LatestDate": "2016-12-16T14:01:11.867-08:00"
  },
  {
    "Id": "661189",
    "Title": "project dead?",
    "LatestDate": "2017-02-08T10:12:44.683-08:00"
  },
  {
    "Id": "663437",
    "Title": "Moving to GitHub?",
    "LatestDate": "2017-07-25T08:33:18.673-07:00"
  }
]