{
  "WorkItem": {
    "AffectedComponent": {
      "Name": "",
      "DisplayName": ""
    },
    "ClosedComment": "",
    "ClosedDate": "2007-07-24T08:59:01.847-07:00",
    "CommentCount": 2,
    "Custom": "",
    "Description": "The syntax highlighting feature was not properly anti-aliasing the fonts in the last release, this is now fixed.",
    "LastUpdatedDate": "2013-05-16T04:50:24.51-07:00",
    "PlannedForRelease": "1.1.2 Release",
    "ReleaseVisibleToPublic": true,
    "Priority": {
      "Name": "Medium",
      "Severity": 100,
      "Id": 2
    },
    "ProjectName": "xmlexplorer",
    "ReportedDate": "2007-07-24T08:56:15.847-07:00",
    "Status": {
      "Name": "Closed",
      "Id": 4
    },
    "ReasonClosed": {
      "Name": "Unassigned"
    },
    "Summary": "Font Anti-Aliasing Fixed",
    "Type": {
      "Name": "Issue",
      "Id": 3
    },
    "VoteCount": 1,
    "Id": 500
  },
  "FileAttachments": [],
  "Comments": [
    {
      "Message": "\r\n\r\n** Closed by Code6 7/24/2007 8:57 AM",
      "PostedDate": "2007-07-24T08:58:34.363-07:00",
      "Id": 203486
    },
    {
      "Message": "",
      "PostedDate": "2007-07-24T08:58:34.457-07:00",
      "Id": 203487
    }
  ]
}