{
  "WorkItem": {
    "AffectedComponent": {
      "Name": "",
      "DisplayName": ""
    },
    "ClosedComment": "Fixed in 2.0.2",
    "ClosedDate": "2009-02-15T16:51:39.57-08:00",
    "CommentCount": 0,
    "Custom": "",
    "Description": "It should be possible to unfold all subnodes of the currently selected node.",
    "LastUpdatedDate": "2013-05-16T04:50:22.81-07:00",
    "PlannedForRelease": "2.0.2 Release",
    "ReleaseVisibleToPublic": true,
    "Priority": {
      "Name": "Low",
      "Severity": 50,
      "Id": 1
    },
    "ProjectName": "xmlexplorer",
    "ReportedDate": "2008-09-09T21:05:50.9-07:00",
    "Status": {
      "Name": "Closed",
      "Id": 4
    },
    "ReasonClosed": {
      "Name": "Unassigned"
    },
    "Summary": "Add option to fold/unfold all subnodes in a node",
    "Type": {
      "Name": "Feature",
      "Id": 1
    },
    "VoteCount": 3,
    "Id": 6110
  },
  "FileAttachments": [],
  "Comments": []
}