{
  "WorkItem": {
    "AffectedComponent": {
      "Name": "",
      "DisplayName": ""
    },
    "ClosedComment": "I found this to be caused by updating the AutoCompleteCustomSource of the toolstrip textbox.  I have removed AutoComplete temporarily, until I find a solution to this problem.",
    "ClosedDate": "2008-09-12T06:36:10.333-07:00",
    "CommentCount": 0,
    "Custom": "",
    "Description": "Version: 1.1.3\nXML file - any",
    "LastUpdatedDate": "2013-05-16T04:50:23.12-07:00",
    "PlannedForRelease": "2.0 Release",
    "ReleaseVisibleToPublic": true,
    "Priority": {
      "Name": "Medium",
      "Severity": 100,
      "Id": 2
    },
    "ProjectName": "xmlexplorer",
    "ReportedDate": "2008-06-05T04:21:56.42-07:00",
    "Status": {
      "Name": "Closed",
      "Id": 4
    },
    "ReasonClosed": {
      "Name": "Unassigned"
    },
    "Summary": "Application crash with when // is typed in XPath field",
    "Type": {
      "Name": "Issue",
      "Id": 3
    },
    "VoteCount": 1,
    "Id": 5151
  },
  "FileAttachments": [],
  "Comments": []
}