{
  "WorkItem": {
    "AffectedComponent": {
      "Name": "",
      "DisplayName": ""
    },
    "ClosedComment": "",
    "ClosedDate": "2008-09-10T19:35:11.93-07:00",
    "CommentCount": 0,
    "Custom": "",
    "Description": "This exception occurs when launching a file from windows explorer that is associated with XML Explorer (.xml files).  It only occurs if no instance is already  running.",
    "LastUpdatedDate": "2013-05-16T04:50:22.663-07:00",
    "PlannedForRelease": "2.0.1 Release",
    "ReleaseVisibleToPublic": true,
    "Priority": {
      "Name": "High",
      "Severity": 150,
      "Id": 3
    },
    "ProjectName": "xmlexplorer",
    "ReportedDate": "2008-09-10T15:03:34.3-07:00",
    "Status": {
      "Name": "Closed",
      "Id": 4
    },
    "ReasonClosed": {
      "Name": "Unassigned"
    },
    "Summary": "System.InvalidOperationException: The DockPanel has already been initialized",
    "Type": {
      "Name": "Issue",
      "Id": 3
    },
    "VoteCount": 1,
    "Id": 6116
  },
  "FileAttachments": [
    {
      "FileId": 1600533,
      "FileName": "InvalidOperationException.png",
      "DownloadUrl": ".\\1600533"
    }
  ],
  "Comments": []
}