{
  "WorkItem": {
    "AffectedComponent": {
      "Name": "",
      "DisplayName": ""
    },
    "ClosedComment": "Added to 1.1 release.",
    "ClosedDate": "2007-07-22T14:33:00.427-07:00",
    "CommentCount": 0,
    "Custom": "",
    "Description": "User-configurable colors via an options dialog will be added at a later time.",
    "LastUpdatedDate": "2013-05-16T04:50:24.653-07:00",
    "PlannedForRelease": "1.1.2 Release",
    "ReleaseVisibleToPublic": true,
    "Priority": {
      "Name": "Low",
      "Severity": 50,
      "Id": 1
    },
    "ProjectName": "xmlexplorer",
    "ReportedDate": "2007-07-22T06:46:15.207-07:00",
    "Status": {
      "Name": "Closed",
      "Id": 4
    },
    "ReasonClosed": {
      "Name": "Unassigned"
    },
    "Summary": "Add Visual Studio style syntax highlighting.",
    "Type": {
      "Name": "Feature",
      "Id": 1
    },
    "VoteCount": 1,
    "Id": 461
  },
  "FileAttachments": [],
  "Comments": []
}