{
  "WorkItem": {
    "AffectedComponent": {
      "Name": "",
      "DisplayName": ""
    },
    "ClosedComment": "Fixed in 2.0.2",
    "ClosedDate": "2009-02-15T16:51:40.76-08:00",
    "CommentCount": 1,
    "Custom": "",
    "Description": "Allow creation of new documents from XML on the clipboard.\n \nOriginal description from WilliamJSullivan:\nI likes... Have version 2.0.1.0... But 90% of the XML I want to examine is in the clipboard!  Ctrl-v to create a new temp document and paste in the clipboard contents!  PLEASE!",
    "LastUpdatedDate": "2013-05-16T04:50:22.23-07:00",
    "PlannedForRelease": "2.0.2 Release",
    "ReleaseVisibleToPublic": true,
    "Priority": {
      "Name": "Low",
      "Severity": 50,
      "Id": 1
    },
    "ProjectName": "xmlexplorer",
    "ReportedDate": "2009-01-07T12:31:28.087-08:00",
    "Status": {
      "Name": "Closed",
      "Id": 4
    },
    "ReasonClosed": {
      "Name": "Unassigned"
    },
    "Summary": "Allow creation of new documents from XML on the clipboard",
    "Type": {
      "Name": "Issue",
      "Id": 3
    },
    "VoteCount": 1,
    "Id": 6897
  },
  "FileAttachments": [],
  "Comments": [
    {
      "Message": "Thanks, glad you like it.  I can definitely add this, it would be handy.",
      "PostedDate": "2009-02-13T11:58:02.763-08:00",
      "Id": 203500
    }
  ]
}