{
  "WorkItem": {
    "AffectedComponent": {
      "Name": "",
      "DisplayName": ""
    },
    "ClosedComment": "",
    "ClosedDate": "2008-09-09T17:20:53.74-07:00",
    "CommentCount": 0,
    "Custom": "",
    "Description": "We need to properly display an about dialog with version information, and links to the project home page.",
    "LastUpdatedDate": "2013-05-16T04:50:23.973-07:00",
    "PlannedForRelease": "2.0 Release",
    "ReleaseVisibleToPublic": true,
    "Priority": {
      "Name": "Low",
      "Severity": 50,
      "Id": 1
    },
    "ProjectName": "xmlexplorer",
    "ReportedDate": "2007-07-24T09:05:44.52-07:00",
    "Status": {
      "Name": "Closed",
      "Id": 4
    },
    "ReasonClosed": {
      "Name": "Unassigned"
    },
    "Summary": "Add an About Dialog",
    "Type": {
      "Name": "Feature",
      "Id": 1
    },
    "VoteCount": 1,
    "Id": 507
  },
  "FileAttachments": [],
  "Comments": []
}