{
  "WorkItem": {
    "AffectedComponent": {
      "Name": "",
      "DisplayName": ""
    },
    "ClosedComment": "",
    "ClosedDate": "2008-09-09T17:20:54.537-07:00",
    "CommentCount": 0,
    "Custom": "",
    "Description": "Need to add a most recently used files list.",
    "LastUpdatedDate": "2013-05-16T04:50:23.39-07:00",
    "PlannedForRelease": "2.0 Release",
    "ReleaseVisibleToPublic": true,
    "Priority": {
      "Name": "Low",
      "Severity": 50,
      "Id": 1
    },
    "ProjectName": "xmlexplorer",
    "ReportedDate": "2007-10-04T06:05:12.507-07:00",
    "Status": {
      "Name": "Closed",
      "Id": 4
    },
    "ReasonClosed": {
      "Name": "Unassigned"
    },
    "Summary": "Recently used files list",
    "Type": {
      "Name": "Feature",
      "Id": 1
    },
    "VoteCount": 1,
    "Id": 1727
  },
  "FileAttachments": [],
  "Comments": []
}