{
  "WorkItem": {
    "AffectedComponent": {
      "Name": "",
      "DisplayName": ""
    },
    "ClosedComment": "",
    "ClosedDate": "2008-09-09T17:20:53.07-07:00",
    "CommentCount": 0,
    "Custom": "",
    "Description": "We need to add a standard Save function, which would not use formatting. Formatting is handy, but it will add characters to the file which increases the size and may affect viewing the \"differences\" between two files.",
    "LastUpdatedDate": "2013-05-16T04:50:24.37-07:00",
    "PlannedForRelease": "2.0 Release",
    "ReleaseVisibleToPublic": true,
    "Priority": {
      "Name": "Low",
      "Severity": 50,
      "Id": 1
    },
    "ProjectName": "xmlexplorer",
    "ReportedDate": "2007-07-24T09:03:21.223-07:00",
    "Status": {
      "Name": "Closed",
      "Id": 4
    },
    "ReasonClosed": {
      "Name": "Unassigned"
    },
    "Summary": "Save w/o Formatting",
    "Type": {
      "Name": "Feature",
      "Id": 1
    },
    "VoteCount": 1,
    "Id": 503
  },
  "FileAttachments": [],
  "Comments": []
}