{
  "WorkItem": {
    "AffectedComponent": {
      "Name": "",
      "DisplayName": ""
    },
    "ClosedComment": "",
    "ClosedDate": "2007-07-19T17:10:22.997-07:00",
    "CommentCount": 0,
    "Custom": "",
    "Description": "Need to complete the memory benchmarks (there are several that are blank).",
    "LastUpdatedDate": "2013-05-16T04:50:24.943-07:00",
    "PlannedForRelease": "",
    "ReleaseVisibleToPublic": false,
    "Priority": {
      "Name": "Low",
      "Severity": 50,
      "Id": 1
    },
    "ProjectName": "xmlexplorer",
    "ReportedDate": "2007-07-12T12:48:04.883-07:00",
    "Status": {
      "Name": "Closed",
      "Id": 4
    },
    "ReasonClosed": {
      "Name": "Unassigned"
    },
    "Summary": "Complete the memory benchmarks",
    "Type": {
      "Name": "Task",
      "Id": 2
    },
    "VoteCount": 1,
    "Id": 263
  },
  "FileAttachments": [],
  "Comments": []
}