{
  "WorkItem": {
    "AffectedComponent": {
      "Name": "",
      "DisplayName": ""
    },
    "ClosedComment": "",
    "ClosedDate": null,
    "CommentCount": 1,
    "Custom": "",
    "Description": "I have associated XmlExplorer with xml files inside of Windows Explorer.  When I double-click a file to open, XmlExplorer opens as expected, however the document in empty.  If I minimize the XmlExplorer, and then restore it, the document is visible.\n \nThanks.",
    "LastUpdatedDate": "2013-06-14T00:32:55.2-07:00",
    "PlannedForRelease": "XML Explorer 4.0.0 Beta (WinForms)",
    "ReleaseVisibleToPublic": true,
    "Priority": {
      "Name": "Low",
      "Severity": 50,
      "Id": 1
    },
    "ProjectName": "xmlexplorer",
    "ReportedDate": "2009-10-20T07:43:49.697-07:00",
    "Status": {
      "Name": "Resolved",
      "Id": 7
    },
    "ReasonClosed": {
      "Name": "Unassigned"
    },
    "Summary": "Issue opening file from Windows Explorer.",
    "Type": {
      "Name": "Issue",
      "Id": 3
    },
    "VoteCount": 1,
    "Id": 9012
  },
  "FileAttachments": [],
  "Comments": [
    {
      "Message": "I've noticed that happen as well.  I think it's a problem related to the docking panel suite I'm using.  I'll look into it.  By the way, this is not an issue with the new Alpha version 3 (because it doesn't use docking panels yet).",
      "PostedDate": "2009-10-20T09:16:06.38-07:00",
      "Id": 203507
    }
  ]
}