{
  "WorkItem": {
    "AffectedComponent": {
      "Name": "",
      "DisplayName": ""
    },
    "ClosedComment": "Added to 1.1 release.",
    "ClosedDate": "2007-07-22T14:33:37.13-07:00",
    "CommentCount": 1,
    "Custom": "",
    "Description": "It would be useful to be able to launch an editor against the XML file using File->Edit or a toolbar icon.",
    "LastUpdatedDate": "2013-05-16T04:50:24.797-07:00",
    "PlannedForRelease": "1.1.2 Release",
    "ReleaseVisibleToPublic": true,
    "Priority": {
      "Name": "Low",
      "Severity": 50,
      "Id": 1
    },
    "ProjectName": "xmlexplorer",
    "ReportedDate": "2007-07-12T20:10:34.24-07:00",
    "Status": {
      "Name": "Closed",
      "Id": 4
    },
    "ReasonClosed": {
      "Name": "Unassigned"
    },
    "Summary": "Ability to launch an XML editor",
    "Type": {
      "Name": "Feature",
      "Id": 1
    },
    "VoteCount": 2,
    "Id": 270
  },
  "FileAttachments": [],
  "Comments": [
    {
      "Message": "I agree, this is a good recommendation.  It should just launch the file using the edit verb, launching the XML editor of the user's choice.",
      "PostedDate": "2007-07-19T17:20:06.59-07:00",
      "Id": 203485
    }
  ]
}