<?xml version="1.0"?>
<doc>
    <assembly>
        <name>System.Windows.DefaultApplications</name>
    </assembly>
    <members>
        <member name="T:System.Windows.ApplicationNotRegisteredException">
            <summary>
                The exception that is thrown when the name of the application passed to 
                <see cref="M:System.Windows.DefaultApplications.ShowAssociationsWindow(System.String)"/> is not registered.
            </summary>
        </member>
        <member name="M:System.Windows.ApplicationNotRegisteredException.#ctor">
            <summary>
                Initializes a new instance of the <see cref="T:System.Windows.ApplicationNotRegisteredException"/> class.
            </summary>
        </member>
        <member name="M:System.Windows.ApplicationNotRegisteredException.#ctor(System.String)">
            <summary>
                Initializes a new instance of the <see cref="T:System.Windows.ApplicationNotRegisteredException"/> class 
                with the specified error message.
            </summary>
            <param name="message">
                A <see cref="T:System.String"/> containing a message that describes the 
                <see cref="T:System.Windows.ApplicationNotRegisteredException"/>; or <see langword="null"/> to set
                the <see cref="P:System.Exception.Message"/> property to its default value.
            </param>
        </member>
        <member name="M:System.Windows.ApplicationNotRegisteredException.#ctor(System.String,System.Exception)">
            <summary>
                Initializes a new instance of the <see cref="T:System.Windows.ApplicationNotRegisteredException"/> class 
                with the specified error message and exception that is the cause of the  
                exception.
            </summary>
            <param name="message">
                A <see cref="T:System.String"/> containing a message that describes the 
                <see cref="T:System.Windows.ApplicationNotRegisteredException"/>; or <see langword="null"/> to set
                the <see cref="P:System.Exception.Message"/> property to its default value.
            </param>
            <param name="innerException">
                The <see cref="T:System.Exception"/> that is the underlying cause of the 
                <see cref="T:System.Windows.ApplicationNotRegisteredException"/>; or <see langword="null"/> to set
                the <see cref="P:System.Exception.InnerException"/> property to <see langword="null"/>.
            </param>
        </member>
        <member name="M:System.Windows.ApplicationNotRegisteredException.#ctor(System.Runtime.Serialization.SerializationInfo,System.Runtime.Serialization.StreamingContext)">
            <summary>
                Initializes a new instance of the <see cref="T:System.Windows.ApplicationNotRegisteredException"/> class 
                with the specified serialization data.
            </summary>
            <param name="info">
                The <see cref="T:System.Runtime.Serialization.SerializationInfo"/> that holds the serialized object data about the 
                <see cref="T:System.Windows.ApplicationNotRegisteredException"/>.
            </param>
            <param name="context">
                The <see cref="T:System.Runtime.Serialization.StreamingContext"/> that contains contextual information about the 
                source or destination.
            </param>
            <exception cref="T:System.ArgumentNullException">
                <paramref name="info"/> is <see langword="null"/>.
            </exception>
            <exception cref="T:System.Runtime.Serialization.SerializationException">
                <paramref name="info"/> does not contain a required value.
            </exception>
            <exception cref="T:System.InvalidCastException">
                <paramref name="info"/> contains a value that could not be cast the to correct type.
            </exception>
        </member>
        <member name="T:Strings">
            <summary>
              A strongly-typed resource class, for looking up localized strings, etc.
            </summary>
        </member>
        <member name="P:Strings.ResourceManager">
            <summary>
              Returns the cached ResourceManager instance used by this class.
            </summary>
        </member>
        <member name="P:Strings.Culture">
            <summary>
              Overrides the current thread's CurrentUICulture property for all
              resource lookups using this strongly typed resource class.
            </summary>
        </member>
        <member name="P:Strings.ApplicationNotRegistered">
            <summary>
              Looks up a localized string similar to {0} is not a registered application..
            </summary>
        </member>
        <member name="P:Strings.Argument_EmptyString">
            <summary>
              Looks up a localized string similar to {0} cannot be an empty string (&quot;&quot;)..
            </summary>
        </member>
        <member name="P:Strings.Argument_Length">
            <summary>
              Looks up a localized string similar to {0} cannot be more than {1:N0} characters..
            </summary>
        </member>
        <member name="P:Strings.NotSupported_Windows6OrGreater">
            <summary>
              Looks up a localized string similar to This member requires Windows Vista, Windows Server 2008 or greater..
            </summary>
        </member>
        <member name="T:System.Windows.DefaultApplications">
            <summary>
                Provides <see langword="static"/> methods for interacting with the 'Default Programs' feature.
            </summary>
        </member>
        <member name="M:System.Windows.DefaultApplications.ShowAssociationsWindow(System.String)">
            <summary>
                Shows the 'Set Program Associations' window for the application with the specified name.
            </summary>
            <param name="applicationName">
                A <see cref="T:System.String"/> containing the case-insensitive name of the application.
            </param>
            <exception cref="T:System.ArgumentNullException">
                <paramref name="applicationName"/> is <see langword="null"/>.
            </exception>
            <exception cref="T:System.ArgumentException">
                <paramref name="applicationName"/> is an empty string ("").
                <para>
                    -or-
                </para>
                <paramref name="applicationName"/> is longer than 255 characters.
            </exception>
            <exception cref="T:System.Windows.ApplicationNotRegisteredException">
                The application specified by <paramref name="applicationName"/> is not registered.
            </exception>
            <exception cref="T:System.NotSupportedException">
                The operating system is not Windows Vista, Windows Server 2008 or greater.
            </exception>
        </member>
        <member name="P:System.Windows.DefaultApplications.IsAssociationsWindowSupported">
            <summary>
            Returns whether the plaform of the current environment supports the 'Set Program Associations' window.
            </summary>
        </member>
    </members>
</doc>
